step,train_loss,val_loss,perplexity,val_perplexity,tokens_per_sec,step_time_ms,train_time_ms,total_tokens,elapsed_time,train_time_total,lr,grad_norm,mode,model_size,batch_size,grad_accum,effective_batch,num_params,world_size
1,10.8322,,50624.04,,15937,32898.3,32898.3,524288,32.9,32.9,3.00e-05,0.0431,bf16,125M,32,2,512,143248128,8
2,10.8321,,50622.21,,2880878,182.0,182.0,1048576,33.1,33.1,6.00e-05,0.0431,bf16,125M,32,2,512,143248128,8
3,10.8323,,50629.79,,2910890,180.1,180.1,1572864,33.3,33.3,9.00e-05,0.0431,bf16,125M,32,2,512,143248128,8
4,10.8321,,50619.70,,2906335,180.4,180.4,2097152,33.4,33.4,1.20e-04,0.0431,bf16,125M,32,2,512,143248128,8
5,10.8321,,50618.78,,2932477,178.8,178.8,2621440,33.6,33.6,1.50e-04,0.0431,bf16,125M,32,2,512,143248128,8
6,10.8321,,50622.26,,2918718,179.6,179.6,3145728,33.8,33.8,1.80e-04,0.0430,bf16,125M,32,2,512,143248128,8
7,10.8325,,50642.20,,2910393,180.1,180.1,3670016,34.0,34.0,2.10e-04,0.0429,bf16,125M,32,2,512,143248128,8
8,10.8323,,50630.47,,2901886,180.7,180.7,4194304,34.2,34.2,2.40e-04,0.0425,bf16,125M,32,2,512,143248128,8
9,10.8322,,50623.85,,2921362,179.5,179.5,4718592,34.3,34.3,2.70e-04,0.0423,bf16,125M,32,2,512,143248128,8
10,10.8323,,50628.87,,2916322,179.8,179.8,5242880,34.5,34.5,3.00e-04,0.0415,bf16,125M,32,2,512,143248128,8
11,10.8322,,50622.84,,2906996,180.4,180.4,5767168,34.7,34.7,3.30e-04,0.0417,bf16,125M,32,2,512,143248128,8
12,10.8321,,50620.91,,2907234,180.3,180.3,6291456,34.9,34.9,3.60e-04,0.0410,bf16,125M,32,2,512,143248128,8
13,10.8326,,50645.15,,2906904,180.4,180.4,6815744,35.1,35.1,3.90e-04,0.0413,bf16,125M,32,2,512,143248128,8
14,10.8335,,50689.65,,2907265,180.3,180.3,7340032,35.2,35.2,4.20e-04,0.0417,bf16,125M,32,2,512,143248128,8
15,10.8332,,50673.51,,2918303,179.7,179.7,7864320,35.4,35.4,4.50e-04,0.0418,bf16,125M,32,2,512,143248128,8
16,10.8381,,50923.14,,2894526,181.1,181.1,8388608,35.6,35.6,4.80e-04,0.0877,bf16,125M,32,2,512,143248128,8
17,10.8354,,50789.72,,2916039,179.8,179.8,8912896,35.8,35.8,5.10e-04,0.0518,bf16,125M,32,2,512,143248128,8
18,10.8369,,50862.52,,2922255,179.4,179.4,9437184,36.0,36.0,5.40e-04,0.0493,bf16,125M,32,2,512,143248128,8
19,10.8345,,50740.39,,2896810,181.0,181.0,9961472,36.1,36.1,5.70e-04,0.0484,bf16,125M,32,2,512,143248128,8
20,10.8369,,50864.85,,2900910,180.7,180.7,10485760,36.3,36.3,6.00e-04,0.0609,bf16,125M,32,2,512,143248128,8
21,10.8351,,50770.15,,2932923,178.8,178.8,11010048,36.5,36.5,6.00e-04,0.0430,bf16,125M,32,2,512,143248128,8
22,10.8372,,50876.20,,2915889,179.8,179.8,11534336,36.7,36.7,6.00e-04,0.0443,bf16,125M,32,2,512,143248128,8
23,10.8380,,50917.46,,2905490,180.4,180.4,12058624,36.9,36.9,6.00e-04,0.0434,bf16,125M,32,2,512,143248128,8
24,10.8392,,50980.58,,2913451,180.0,180.0,12582912,37.0,37.0,6.00e-04,0.0443,bf16,125M,32,2,512,143248128,8
25,10.8389,,50967.06,,2894884,181.1,181.1,13107200,37.2,37.2,6.00e-04,0.0449,bf16,125M,32,2,512,143248128,8
26,10.8367,,50851.17,,2905786,180.4,180.4,13631488,37.4,37.4,6.00e-04,0.0436,bf16,125M,32,2,512,143248128,8
27,10.8353,,50779.69,,2908492,180.3,180.3,14155776,37.6,37.6,6.00e-04,0.0422,bf16,125M,32,2,512,143248128,8
28,10.8366,,50848.60,,2892257,181.3,181.3,14680064,37.8,37.8,6.00e-04,0.0454,bf16,125M,32,2,512,143248128,8
29,10.8361,,50824.99,,2913285,180.0,180.0,15204352,37.9,37.9,6.00e-04,0.0430,bf16,125M,32,2,512,143248128,8
30,10.8366,,50850.64,,2927659,179.1,179.1,15728640,38.1,38.1,6.00e-04,0.0434,bf16,125M,32,2,512,143248128,8
31,10.8363,,50831.00,,2882045,181.9,181.9,16252928,38.3,38.3,6.00e-04,0.0430,bf16,125M,32,2,512,143248128,8
32,10.8361,,50824.99,,2881120,182.0,182.0,16777216,38.5,38.5,6.00e-04,0.0430,bf16,125M,32,2,512,143248128,8
33,10.8361,,50820.58,,2875660,182.3,182.3,17301504,38.7,38.7,6.00e-04,0.0437,bf16,125M,32,2,512,143248128,8
34,10.8361,,50823.34,,2897798,180.9,180.9,17825792,38.9,38.9,6.00e-04,0.0445,bf16,125M,32,2,512,143248128,8
35,10.8356,,50795.82,,2894480,181.1,181.1,18350080,39.0,39.0,6.00e-04,0.0435,bf16,125M,32,2,512,143248128,8
36,10.8349,,50762.84,,2912479,180.0,180.0,18874368,39.2,39.2,6.00e-04,0.0429,bf16,125M,32,2,512,143248128,8
37,10.8351,,50771.22,,2866488,182.9,182.9,19398656,39.4,39.4,6.00e-04,0.0434,bf16,125M,32,2,512,143248128,8
38,10.8352,,50777.71,,2887896,181.5,181.5,19922944,39.6,39.6,6.00e-04,0.0439,bf16,125M,32,2,512,143248128,8
39,10.8349,,50760.08,,2914358,179.9,179.9,20447232,39.8,39.8,5.99e-04,0.0430,bf16,125M,32,2,512,143248128,8
40,10.8343,,50729.79,,2912506,180.0,180.0,20971520,39.9,39.9,5.99e-04,0.0426,bf16,125M,32,2,512,143248128,8
41,10.8345,,50739.76,,2909419,180.2,180.2,21495808,40.1,40.1,5.99e-04,0.0428,bf16,125M,32,2,512,143248128,8
42,10.8350,,50767.35,,2899086,180.8,180.8,22020096,40.3,40.3,5.99e-04,0.0437,bf16,125M,32,2,512,143248128,8
43,10.8354,,50787.93,,2902511,180.6,180.6,22544384,40.5,40.5,5.99e-04,0.0434,bf16,125M,32,2,512,143248128,8
44,10.8344,,50737.77,,2913706,179.9,179.9,23068672,40.7,40.7,5.99e-04,0.0428,bf16,125M,32,2,512,143248128,8
45,10.8348,,50755.87,,2909076,180.2,180.2,23592960,40.8,40.8,5.99e-04,0.0431,bf16,125M,32,2,512,143248128,8
46,10.8349,,50762.55,,2911279,180.1,180.1,24117248,41.0,41.0,5.99e-04,0.0433,bf16,125M,32,2,512,143248128,8
47,10.8346,,50744.89,,2920621,179.5,179.5,24641536,41.2,41.2,5.99e-04,0.0431,bf16,125M,32,2,512,143248128,8
48,10.8343,,50729.89,,2888617,181.5,181.5,25165824,41.4,41.4,5.99e-04,0.0420,bf16,125M,32,2,512,143248128,8
49,10.8347,,50750.16,,2903752,180.6,180.6,25690112,41.6,41.6,5.99e-04,0.0421,bf16,125M,32,2,512,143248128,8
50,10.8347,,50750.26,,2911646,180.1,180.1,26214400,41.7,41.7,5.99e-04,0.0424,bf16,125M,32,2,512,143248128,8
51,10.8350,,50768.99,,2912671,180.0,180.0,26738688,41.9,41.9,5.99e-04,0.0425,bf16,125M,32,2,512,143248128,8
52,10.8351,,50774.12,,2914799,179.9,179.9,27262976,42.1,42.1,5.99e-04,0.0445,bf16,125M,32,2,512,143248128,8
53,10.8352,,50779.01,,2907050,180.4,180.4,27787264,42.3,42.3,5.98e-04,0.0457,bf16,125M,32,2,512,143248128,8
54,10.8344,,50738.30,,2911091,180.1,180.1,28311552,42.5,42.5,5.98e-04,0.0424,bf16,125M,32,2,512,143248128,8
55,10.8348,,50756.89,,2923930,179.3,179.3,28835840,42.6,42.6,5.98e-04,0.0426,bf16,125M,32,2,512,143248128,8
56,10.8338,,50703.91,,2901790,180.7,180.7,29360128,42.8,42.8,5.98e-04,0.0415,bf16,125M,32,2,512,143248128,8
57,10.8337,,50702.27,,2888989,181.5,181.5,29884416,43.0,43.0,5.98e-04,0.0415,bf16,125M,32,2,512,143248128,8
58,10.8336,,50696.22,,2907588,180.3,180.3,30408704,43.2,43.2,5.98e-04,0.0415,bf16,125M,32,2,512,143248128,8
59,10.8337,,50698.50,,2898001,180.9,180.9,30932992,43.4,43.4,5.98e-04,0.0415,bf16,125M,32,2,512,143248128,8
60,10.8337,,50702.80,,2903818,180.6,180.6,31457280,43.5,43.5,5.98e-04,0.0415,bf16,125M,32,2,512,143248128,8
61,10.8337,,50698.93,,2872528,182.5,182.5,31981568,43.7,43.7,5.98e-04,0.0418,bf16,125M,32,2,512,143248128,8
62,10.8332,,50677.08,,2872873,182.5,182.5,32505856,43.9,43.9,5.98e-04,0.0412,bf16,125M,32,2,512,143248128,8
63,10.8329,,50658.77,,2875408,182.3,182.3,33030144,44.1,44.1,5.97e-04,0.0412,bf16,125M,32,2,512,143248128,8
64,10.8331,,50668.96,,2866768,182.9,182.9,33554432,44.3,44.3,5.97e-04,0.0412,bf16,125M,32,2,512,143248128,8
65,10.8325,,50639.35,,2892892,181.2,181.2,34078720,44.5,44.5,5.97e-04,0.0409,bf16,125M,32,2,512,143248128,8
66,10.8327,,50650.03,,2907188,180.3,180.3,34603008,44.6,44.6,5.97e-04,0.0414,bf16,125M,32,2,512,143248128,8
67,10.8324,,50632.78,,2909927,180.2,180.2,35127296,44.8,44.8,5.97e-04,0.0409,bf16,125M,32,2,512,143248128,8
68,10.8326,,50646.98,,2898429,180.9,180.9,35651584,45.0,45.0,5.97e-04,0.0411,bf16,125M,32,2,512,143248128,8
69,10.8328,,50653.12,,2903764,180.6,180.6,36175872,45.2,45.2,5.97e-04,0.0412,bf16,125M,32,2,512,143248128,8
70,10.8325,,50638.34,,2898578,180.9,180.9,36700160,45.4,45.4,5.97e-04,0.0410,bf16,125M,32,2,512,143248128,8
71,10.8327,,50647.85,,2863259,183.1,183.1,37224448,45.5,45.5,5.96e-04,0.0413,bf16,125M,32,2,512,143248128,8
72,10.8321,,50618.69,,2920264,179.5,179.5,37748736,45.7,45.7,5.96e-04,0.0407,bf16,125M,32,2,512,143248128,8
73,10.8314,,50585.82,,2925206,179.2,179.2,38273024,45.9,45.9,5.96e-04,0.0408,bf16,125M,32,2,512,143248128,8
74,10.8311,,50571.30,,2892253,181.3,181.3,38797312,46.1,46.1,5.96e-04,0.0402,bf16,125M,32,2,512,143248128,8
75,10.8310,,50565.81,,2902319,180.6,180.6,39321600,46.3,46.3,5.96e-04,0.0405,bf16,125M,32,2,512,143248128,8
76,10.8310,,50564.70,,2906024,180.4,180.4,39845888,46.4,46.4,5.96e-04,0.0406,bf16,125M,32,2,512,143248128,8
77,10.8311,,50570.19,,2890246,181.4,181.4,40370176,46.6,46.6,5.96e-04,0.0407,bf16,125M,32,2,512,143248128,8
78,10.8314,,50585.92,,2905575,180.4,180.4,40894464,46.8,46.8,5.95e-04,0.0405,bf16,125M,32,2,512,143248128,8
79,10.8315,,50589.78,,2911846,180.1,180.1,41418752,47.0,47.0,5.95e-04,0.0406,bf16,125M,32,2,512,143248128,8
80,10.8316,,50596.53,,2889444,181.4,181.4,41943040,47.2,47.2,5.95e-04,0.0405,bf16,125M,32,2,512,143248128,8
81,10.8317,,50597.64,,2888139,181.5,181.5,42467328,47.3,47.3,5.95e-04,0.0407,bf16,125M,32,2,512,143248128,8
82,10.8313,,50576.90,,2892671,181.2,181.2,42991616,47.5,47.5,5.95e-04,0.0407,bf16,125M,32,2,512,143248128,8
83,10.8309,,50560.84,,2878966,182.1,182.1,43515904,47.7,47.7,5.95e-04,0.0407,bf16,125M,32,2,512,143248128,8
84,10.8309,,50557.46,,2861806,183.2,183.2,44040192,47.9,47.9,5.94e-04,0.0404,bf16,125M,32,2,512,143248128,8
85,10.8309,,50560.84,,2883420,181.8,181.8,44564480,48.1,48.1,5.94e-04,0.0404,bf16,125M,32,2,512,143248128,8
86,10.8308,,50552.79,,2904949,180.5,180.5,45088768,48.3,48.3,5.94e-04,0.0402,bf16,125M,32,2,512,143248128,8
87,10.8311,,50567.06,,2907892,180.3,180.3,45613056,48.4,48.4,5.94e-04,0.0402,bf16,125M,32,2,512,143248128,8
88,10.8313,,50578.54,,2909377,180.2,180.2,46137344,48.6,48.6,5.94e-04,0.0404,bf16,125M,32,2,512,143248128,8
89,10.8315,,50587.41,,2911738,180.1,180.1,46661632,48.8,48.8,5.93e-04,0.0407,bf16,125M,32,2,512,143248128,8
90,10.8312,,50575.98,,2897821,180.9,180.9,47185920,49.0,49.0,5.93e-04,0.0404,bf16,125M,32,2,512,143248128,8
91,10.8310,,50561.80,,2903545,180.6,180.6,47710208,49.2,49.2,5.93e-04,0.0404,bf16,125M,32,2,512,143248128,8
92,10.8305,,50540.54,,2903722,180.6,180.6,48234496,49.3,49.3,5.93e-04,0.0401,bf16,125M,32,2,512,143248128,8
93,10.8304,,50533.17,,2883817,181.8,181.8,48758784,49.5,49.5,5.93e-04,0.0399,bf16,125M,32,2,512,143248128,8
94,10.8305,,50538.28,,2897050,181.0,181.0,49283072,49.7,49.7,5.92e-04,0.0404,bf16,125M,32,2,512,143248128,8
95,10.8311,,50571.11,,2892089,181.3,181.3,49807360,49.9,49.9,5.92e-04,0.0404,bf16,125M,32,2,512,143248128,8
96,10.8309,,50561.61,,2898856,180.9,180.9,50331648,50.1,50.1,5.92e-04,0.0404,bf16,125M,32,2,512,143248128,8
97,10.8312,,50572.36,,2882392,181.9,181.9,50855936,50.2,50.2,5.92e-04,0.0404,bf16,125M,32,2,512,143248128,8
98,10.8309,,50560.94,,2891888,181.3,181.3,51380224,50.4,50.4,5.92e-04,0.0404,bf16,125M,32,2,512,143248128,8
99,10.8308,,50556.07,,2888135,181.5,181.5,51904512,50.6,50.6,5.91e-04,0.0404,bf16,125M,32,2,512,143248128,8
100,10.8307,,50549.56,,2890591,181.4,181.4,52428800,50.8,50.8,5.91e-04,0.0404,bf16,125M,32,2,512,143248128,8
101,10.8305,,50538.90,,2902694,180.6,180.6,52953088,51.0,51.0,5.91e-04,0.0402,bf16,125M,32,2,512,143248128,8
102,10.8305,,50537.27,,2874273,182.4,182.4,53477376,51.2,51.2,5.91e-04,0.0402,bf16,125M,32,2,512,143248128,8
103,10.8307,,50549.85,,2875886,182.3,182.3,54001664,51.3,51.3,5.90e-04,0.0405,bf16,125M,32,2,512,143248128,8
104,10.8307,,50550.04,,2868376,182.8,182.8,54525952,51.5,51.5,5.90e-04,0.0402,bf16,125M,32,2,512,143248128,8
105,10.8311,,50569.08,,2888397,181.5,181.5,55050240,51.7,51.7,5.90e-04,0.0405,bf16,125M,32,2,512,143248128,8
106,10.8312,,50575.89,,2889714,181.4,181.4,55574528,51.9,51.9,5.90e-04,0.0408,bf16,125M,32,2,512,143248128,8
107,10.8309,,50561.22,,2873286,182.5,182.5,56098816,52.1,52.1,5.90e-04,0.0404,bf16,125M,32,2,512,143248128,8
108,10.8306,,50545.41,,2891226,181.3,181.3,56623104,52.2,52.2,5.89e-04,0.0405,bf16,125M,32,2,512,143248128,8
109,10.8305,,50539.29,,2835404,184.9,184.9,57147392,52.4,52.4,5.89e-04,0.0402,bf16,125M,32,2,512,143248128,8
110,10.8302,,50525.46,,2896939,181.0,181.0,57671680,52.6,52.6,5.89e-04,0.0402,bf16,125M,32,2,512,143248128,8
111,10.8302,,50525.17,,2803879,187.0,187.0,58195968,52.8,52.8,5.89e-04,0.0399,bf16,125M,32,2,512,143248128,8
112,10.8302,,50525.80,,2898799,180.9,180.9,58720256,53.0,53.0,5.88e-04,0.0402,bf16,125M,32,2,512,143248128,8
113,10.8306,,50545.51,,2884165,181.8,181.8,59244544,53.2,53.2,5.88e-04,0.0400,bf16,125M,32,2,512,143248128,8
114,10.8307,,50549.03,,2888867,181.5,181.5,59768832,53.3,53.3,5.88e-04,0.0405,bf16,125M,32,2,512,143248128,8
115,10.8312,,50572.51,,2850536,183.9,183.9,60293120,53.5,53.5,5.88e-04,0.0405,bf16,125M,32,2,512,143248128,8
116,10.8311,,50567.69,,2902974,180.6,180.6,60817408,53.7,53.7,5.87e-04,0.0405,bf16,125M,32,2,512,143248128,8
117,10.8304,,50535.10,,2863998,183.1,183.1,61341696,53.9,53.9,5.87e-04,0.0402,bf16,125M,32,2,512,143248128,8
118,10.8303,,50526.52,,2886088,181.7,181.7,61865984,54.1,54.1,5.87e-04,0.0402,bf16,125M,32,2,512,143248128,8
119,10.8301,,50516.79,,2889615,181.4,181.4,62390272,54.3,54.3,5.87e-04,0.0402,bf16,125M,32,2,512,143248128,8
120,10.8301,,50517.36,,2898853,180.9,180.9,62914560,54.4,54.4,5.86e-04,0.0399,bf16,125M,32,2,512,143248128,8
121,10.8302,,50521.84,,2904638,180.5,180.5,63438848,54.6,54.6,5.86e-04,0.0399,bf16,125M,32,2,512,143248128,8
122,10.8306,,50545.56,,2895135,181.1,181.1,63963136,54.8,54.8,5.86e-04,0.0404,bf16,125M,32,2,512,143248128,8
123,10.8309,,50561.03,,2893124,181.2,181.2,64487424,55.0,55.0,5.85e-04,0.0404,bf16,125M,32,2,512,143248128,8
124,10.8311,,50566.82,,2900283,180.8,180.8,65011712,55.2,55.2,5.85e-04,0.0407,bf16,125M,32,2,512,143248128,8
125,10.8310,,50566.29,,2914316,179.9,179.9,65536000,55.3,55.3,5.85e-04,0.0404,bf16,125M,32,2,512,143248128,8
126,10.8308,,50553.37,,2909311,180.2,180.2,66060288,55.5,55.5,5.85e-04,0.0399,bf16,125M,32,2,512,143248128,8
127,10.8304,,50532.69,,2871012,182.6,182.6,66584576,55.7,55.7,5.84e-04,0.0401,bf16,125M,32,2,512,143248128,8
128,10.8301,,50519.48,,2909592,180.2,180.2,67108864,55.9,55.9,5.84e-04,0.0399,bf16,125M,32,2,512,143248128,8
129,10.8299,,50506.91,,2888158,181.5,181.5,67633152,56.1,56.1,5.84e-04,0.0399,bf16,125M,32,2,512,143248128,8
130,10.8297,,50498.48,,2909750,180.2,180.2,68157440,56.2,56.2,5.83e-04,0.0399,bf16,125M,32,2,512,143248128,8
131,10.8300,,50515.24,,2894975,181.1,181.1,68681728,56.4,56.4,5.83e-04,0.0401,bf16,125M,32,2,512,143248128,8
132,10.8308,,50554.52,,2887930,181.5,181.5,69206016,56.6,56.6,5.83e-04,0.0404,bf16,125M,32,2,512,143248128,8
133,10.8312,,50575.35,,2857359,183.5,183.5,69730304,56.8,56.8,5.82e-04,0.0404,bf16,125M,32,2,512,143248128,8
134,10.8313,,50580.85,,2883746,181.8,181.8,70254592,57.0,57.0,5.82e-04,0.0406,bf16,125M,32,2,512,143248128,8
135,10.8313,,50580.23,,2886611,181.6,181.6,70778880,57.2,57.2,5.82e-04,0.0401,bf16,125M,32,2,512,143248128,8
136,10.8310,,50562.24,,2899663,180.8,180.8,71303168,57.3,57.3,5.82e-04,0.0406,bf16,125M,32,2,512,143248128,8
137,10.8307,,50548.93,,2899464,180.8,180.8,71827456,57.5,57.5,5.81e-04,0.0404,bf16,125M,32,2,512,143248128,8
138,10.8303,,50528.54,,2898895,180.9,180.9,72351744,57.7,57.7,5.81e-04,0.0402,bf16,125M,32,2,512,143248128,8
139,10.8302,,50521.89,,2900294,180.8,180.8,72876032,57.9,57.9,5.81e-04,0.0399,bf16,125M,32,2,512,143248128,8
140,10.8299,,50506.14,,2887369,181.6,181.6,73400320,58.1,58.1,5.80e-04,0.0399,bf16,125M,32,2,512,143248128,8
141,10.8298,,50503.30,,2919470,179.6,179.6,73924608,58.2,58.2,5.80e-04,0.0399,bf16,125M,32,2,512,143248128,8
142,10.8303,,50531.00,,2903733,180.6,180.6,74448896,58.4,58.4,5.80e-04,0.0401,bf16,125M,32,2,512,143248128,8
143,10.8307,,50549.61,,2888101,181.5,181.5,74973184,58.6,58.6,5.79e-04,0.0404,bf16,125M,32,2,512,143248128,8
144,10.8308,,50554.52,,2894968,181.1,181.1,75497472,58.8,58.8,5.79e-04,0.0404,bf16,125M,32,2,512,143248128,8
145,10.8309,,50561.03,,2888541,181.5,181.5,76021760,59.0,59.0,5.79e-04,0.0404,bf16,125M,32,2,512,143248128,8
146,10.8312,,50573.33,,2893117,181.2,181.2,76546048,59.1,59.1,5.78e-04,0.0406,bf16,125M,32,2,512,143248128,8
147,10.8308,,50554.38,,2903825,180.6,180.6,77070336,59.3,59.3,5.78e-04,0.0401,bf16,125M,32,2,512,143248128,8
148,10.8303,,50528.78,,2897642,180.9,180.9,77594624,59.5,59.5,5.78e-04,0.0404,bf16,125M,32,2,512,143248128,8
149,10.8302,,50525.65,,2855626,183.6,183.6,78118912,59.7,59.7,5.77e-04,0.0399,bf16,125M,32,2,512,143248128,8
150,10.8302,,50526.04,,2832669,185.1,185.1,78643200,59.9,59.9,5.77e-04,0.0399,bf16,125M,32,2,512,143248128,8
151,10.8300,,50514.38,,2902495,180.6,180.6,79167488,60.1,60.1,5.77e-04,0.0399,bf16,125M,32,2,512,143248128,8
152,10.8301,,50519.68,,2904036,180.5,180.5,79691776,60.2,60.2,5.76e-04,0.0399,bf16,125M,32,2,512,143248128,8
153,10.8304,,50535.48,,2902974,180.6,180.6,80216064,60.4,60.4,5.76e-04,0.0401,bf16,125M,32,2,512,143248128,8
154,10.8310,,50564.65,,2884090,181.8,181.8,80740352,60.6,60.6,5.75e-04,0.0406,bf16,125M,32,2,512,143248128,8
155,10.8311,,50568.31,,2900237,180.8,180.8,81264640,60.8,60.8,5.75e-04,0.0406,bf16,125M,32,2,512,143248128,8
156,10.8311,,50567.11,,2895261,181.1,181.1,81788928,61.0,61.0,5.75e-04,0.0404,bf16,125M,32,2,512,143248128,8
157,10.8309,,50558.52,,2873736,182.4,182.4,82313216,61.1,61.1,5.74e-04,0.0404,bf16,125M,32,2,512,143248128,8
158,10.8306,,50542.28,,2860927,183.3,183.3,82837504,61.3,61.3,5.74e-04,0.0404,bf16,125M,32,2,512,143248128,8
159,10.8302,,50525.65,,2887157,181.6,181.6,83361792,61.5,61.5,5.74e-04,0.0401,bf16,125M,32,2,512,143248128,8
160,10.8296,,50492.99,,2889805,181.4,181.4,83886080,61.7,61.7,5.73e-04,0.0396,bf16,125M,32,2,512,143248128,8
161,10.8296,,50494.24,,2838845,184.7,184.7,84410368,61.9,61.9,5.73e-04,0.0399,bf16,125M,32,2,512,143248128,8
162,10.8296,,50495.83,,2890033,181.4,181.4,84934656,62.1,62.1,5.73e-04,0.0399,bf16,125M,32,2,512,143248128,8
163,10.8303,,50527.58,,2907799,180.3,180.3,85458944,62.2,62.2,5.72e-04,0.0399,bf16,125M,32,2,512,143248128,8
164,10.8303,,50531.00,,2909646,180.2,180.2,85983232,62.4,62.4,5.72e-04,0.0401,bf16,125M,32,2,512,143248128,8
165,10.8307,,50547.00,,2893101,181.2,181.2,86507520,62.6,62.6,5.71e-04,0.0404,bf16,125M,32,2,512,143248128,8
166,10.8304,,50534.18,,2887472,181.6,181.6,87031808,62.8,62.8,5.71e-04,0.0401,bf16,125M,32,2,512,143248128,8
167,10.8301,,50520.93,,2889323,181.5,181.5,87556096,63.0,63.0,5.71e-04,0.0401,bf16,125M,32,2,512,143248128,8
168,10.8302,,50521.99,,2895006,181.1,181.1,88080384,63.1,63.1,5.70e-04,0.0401,bf16,125M,32,2,512,143248128,8
169,10.8297,,50500.36,,2909103,180.2,180.2,88604672,63.3,63.3,5.70e-04,0.0399,bf16,125M,32,2,512,143248128,8
170,10.8297,,50496.65,,2915471,179.8,179.8,89128960,63.5,63.5,5.69e-04,0.0402,bf16,125M,32,2,512,143248128,8
171,10.8294,,50484.42,,2903154,180.6,180.6,89653248,63.7,63.7,5.69e-04,0.0400,bf16,125M,32,2,512,143248128,8
172,10.8293,,50479.56,,2890310,181.4,181.4,90177536,63.9,63.9,5.69e-04,0.0399,bf16,125M,32,2,512,143248128,8
173,10.8295,,50487.07,,2859417,183.4,183.4,90701824,64.0,64.0,5.68e-04,0.0399,bf16,125M,32,2,512,143248128,8
174,10.8298,,50501.95,,2847380,184.1,184.1,91226112,64.2,64.2,5.68e-04,0.0400,bf16,125M,32,2,512,143248128,8
175,10.8302,,50525.65,,2854051,183.7,183.7,91750400,64.4,64.4,5.67e-04,0.0401,bf16,125M,32,2,512,143248128,8
176,10.8300,,50512.16,,2907142,180.3,180.3,92274688,64.6,64.6,5.67e-04,0.0401,bf16,125M,32,2,512,143248128,8
177,10.8301,,50516.88,,2901993,180.7,180.7,92798976,64.8,64.8,5.67e-04,0.0399,bf16,125M,32,2,512,143248128,8
178,10.8300,,50511.34,,2868529,182.8,182.8,93323264,65.0,65.0,5.66e-04,0.0396,bf16,125M,32,2,512,143248128,8
179,10.8300,,50514.57,,2916426,179.8,179.8,93847552,65.1,65.1,5.66e-04,0.0404,bf16,125M,32,2,512,143248128,8
180,10.8298,,50503.78,,2907107,180.3,180.3,94371840,65.3,65.3,5.65e-04,0.0399,bf16,125M,32,2,512,143248128,8
181,10.8297,,50496.70,,2897436,180.9,180.9,94896128,65.5,65.5,5.65e-04,0.0399,bf16,125M,32,2,512,143248128,8
182,10.8292,,50473.06,,2908388,180.3,180.3,95420416,65.7,65.7,5.64e-04,0.0399,bf16,125M,32,2,512,143248128,8
183,10.8290,,50465.22,,2908811,180.2,180.2,95944704,65.9,65.9,5.64e-04,0.0396,bf16,125M,32,2,512,143248128,8
184,10.8292,,50473.11,,2881845,181.9,181.9,96468992,66.0,66.0,5.64e-04,0.0394,bf16,125M,32,2,512,143248128,8
185,10.8294,,50483.84,,2907081,180.3,180.3,96993280,66.2,66.2,5.63e-04,0.0399,bf16,125M,32,2,512,143248128,8
186,10.8299,,50508.02,,2881048,182.0,182.0,97517568,66.4,66.4,5.63e-04,0.0399,bf16,125M,32,2,512,143248128,8
187,10.8300,,50515.10,,2890242,181.4,181.4,98041856,66.6,66.6,5.62e-04,0.0399,bf16,125M,32,2,512,143248128,8
188,10.8302,,50526.23,,2857266,183.5,183.5,98566144,66.8,66.8,5.62e-04,0.0404,bf16,125M,32,2,512,143248128,8
189,10.8302,,50525.27,,2907872,180.3,180.3,99090432,67.0,66.9,5.61e-04,0.0401,bf16,125M,32,2,512,143248128,8
190,10.8301,,50519.87,,2881358,182.0,182.0,99614720,67.1,67.1,5.61e-04,0.0399,bf16,125M,32,2,512,143248128,8
191,10.8298,,50501.23,,2878789,182.1,182.1,100139008,67.3,67.3,5.60e-04,0.0399,bf16,125M,32,2,512,143248128,8
192,10.8296,,50491.64,,2900543,180.8,180.8,100663296,67.5,67.5,5.60e-04,0.0399,bf16,125M,32,2,512,143248128,8
193,10.8296,,50493.19,,2897130,181.0,181.0,101187584,67.7,67.7,5.60e-04,0.0396,bf16,125M,32,2,512,143248128,8
194,10.8293,,50477.92,,2883742,181.8,181.8,101711872,67.9,67.9,5.59e-04,0.0396,bf16,125M,32,2,512,143248128,8
195,10.8292,,50474.89,,2891067,181.3,181.3,102236160,68.0,68.0,5.59e-04,0.0396,bf16,125M,32,2,512,143248128,8
196,10.8294,,50484.57,,2902786,180.6,180.6,102760448,68.2,68.2,5.58e-04,0.0396,bf16,125M,32,2,512,143248128,8
197,10.8301,,50517.51,,2894663,181.1,181.1,103284736,68.4,68.4,5.58e-04,0.0401,bf16,125M,32,2,512,143248128,8
198,10.8299,,50508.31,,2902124,180.7,180.7,103809024,68.6,68.6,5.57e-04,0.0399,bf16,125M,32,2,512,143248128,8
199,10.8304,,50531.48,,2905202,180.5,180.5,104333312,68.8,68.8,5.57e-04,0.0401,bf16,125M,32,2,512,143248128,8
200,10.8304,,50534.28,,2902576,180.6,180.6,104857600,68.9,68.9,5.56e-04,0.0401,bf16,125M,32,2,512,143248128,8
201,10.8300,,50513.03,,2865278,183.0,183.0,105381888,69.1,69.1,5.56e-04,0.0399,bf16,125M,32,2,512,143248128,8
202,10.8299,,50508.26,,2879946,182.0,182.0,105906176,69.3,69.3,5.55e-04,0.0399,bf16,125M,32,2,512,143248128,8
203,10.8297,,50500.84,,2883439,181.8,181.8,106430464,69.5,69.5,5.55e-04,0.0401,bf16,125M,32,2,512,143248128,8
204,10.8295,,50486.64,,2895387,181.1,181.1,106954752,69.7,69.7,5.54e-04,0.0396,bf16,125M,32,2,512,143248128,8
205,10.8297,,50496.65,,2903557,180.6,180.6,107479040,69.9,69.8,5.54e-04,0.0399,bf16,125M,32,2,512,143248128,8
206,10.8291,,50467.38,,2895219,181.1,181.1,108003328,70.0,70.0,5.53e-04,0.0396,bf16,125M,32,2,512,143248128,8
207,10.8294,,50481.34,,2901258,180.7,180.7,108527616,70.2,70.2,5.53e-04,0.0399,bf16,125M,32,2,512,143248128,8
208,10.8295,,50489.62,,2894175,181.2,181.2,109051904,70.4,70.4,5.52e-04,0.0399,bf16,125M,32,2,512,143248128,8
